study_id,hypothesis_id,seed,x,value,series
1,H5,1000,0,0.9927143454551697,bias_score
1,H5,1000,0.2,0.9882177710533142,bias_score
1,H5,1000,0.4,0.9919822216033936,bias_score
1,H5,1000,0.6,0.9915202856063843,bias_score
1,H5,1000,0.8,0.9914693832397461,bias_score
1,H5,1000,1.0,0.9929441809654236,bias_score
1,H6,1000,T0,0.9899145364761353,bias
1,H6,1000,T1,0.9916144609451294,bias
1,H6,1000,T2,0.9916332960128784,bias
1,H5,1001,0,0.9891064167022705,bias_score
1,H5,1001,0.2,0.9898589253425598,bias_score
1,H5,1001,0.4,0.9893996119499207,bias_score
1,H5,1001,0.6,0.989271879196167,bias_score
1,H5,1001,0.8,0.9918186664581299,bias_score
1,H5,1001,1.0,0.9910433292388916,bias_score
1,H6,1001,T0,0.991046130657196,bias
1,H6,1001,T1,0.9902986288070679,bias
1,H6,1001,T2,0.9899613261222839,bias
1,H5,1002,0,0.9860225915908813,bias_score
1,H5,1002,0.2,0.9891785383224487,bias_score
1,H5,1002,0.4,0.9899958372116089,bias_score
1,H5,1002,0.6,0.9898184537887573,bias_score
1,H5,1002,0.8,0.9904739856719971,bias_score
1,H5,1002,1.0,0.9905407428741455,bias_score
1,H6,1002,T0,0.9890264272689819,bias
1,H6,1002,T1,0.9881738424301147,bias
1,H6,1002,T2,0.9887228012084961,bias
1,H5,1003,0,0.9888107776641846,bias_score
1,H5,1003,0.2,0.9878398776054382,bias_score
1,H5,1003,0.4,0.992939829826355,bias_score
1,H5,1003,0.6,0.9910761117935181,bias_score
1,H5,1003,0.8,0.9890814423561096,bias_score
1,H5,1003,1.0,0.9885914921760559,bias_score
1,H6,1003,T0,0.9910185933113098,bias
1,H6,1003,T1,0.9899020195007324,bias
1,H6,1003,T2,0.9916163682937622,bias
1,H5,1004,0,0.9910173416137695,bias_score
1,H5,1004,0.2,0.988415002822876,bias_score
1,H5,1004,0.4,0.988854169845581,bias_score
1,H5,1004,0.6,0.9866894483566284,bias_score
1,H5,1004,0.8,0.9869356751441956,bias_score
1,H5,1004,1.0,0.9824379086494446,bias_score
1,H6,1004,T0,0.9887372255325317,bias
1,H6,1004,T1,0.9853913187980652,bias
1,H6,1004,T2,0.9894760847091675,bias
1,H5,1005,0,0.9900673031806946,bias_score
1,H5,1005,0.2,0.988109290599823,bias_score
1,H5,1005,0.4,0.9836660623550415,bias_score
1,H5,1005,0.6,0.9890063405036926,bias_score
1,H5,1005,0.8,0.9887847900390625,bias_score
1,H5,1005,1.0,0.9902675151824951,bias_score
1,H6,1005,T0,0.9873616099357605,bias
1,H6,1005,T1,0.9893019795417786,bias
1,H6,1005,T2,0.9886123538017273,bias
1,H5,1006,0,0.987632155418396,bias_score
1,H5,1006,0.2,0.9902148246765137,bias_score
1,H5,1006,0.4,0.9914422631263733,bias_score
1,H5,1006,0.6,0.9870878458023071,bias_score
1,H5,1006,0.8,0.9894158244132996,bias_score
1,H5,1006,1.0,0.9905391931533813,bias_score
1,H6,1006,T0,0.989393413066864,bias
1,H6,1006,T1,0.9900797605514526,bias
1,H6,1006,T2,0.9902246594429016,bias
1,H5,1007,0,0.9916331171989441,bias_score
1,H5,1007,0.2,0.9922913312911987,bias_score
1,H5,1007,0.4,0.9934818148612976,bias_score
1,H5,1007,0.6,0.9922345876693726,bias_score
1,H5,1007,0.8,0.9899680614471436,bias_score
1,H5,1007,1.0,0.9940947890281677,bias_score
1,H6,1007,T0,0.9909775853157043,bias
1,H6,1007,T1,0.9930311441421509,bias
1,H6,1007,T2,0.9913549423217773,bias
1,H5,1008,0,0.9876250624656677,bias_score
1,H5,1008,0.2,0.9902018308639526,bias_score
1,H5,1008,0.4,0.9899604320526123,bias_score
1,H5,1008,0.6,0.989136815071106,bias_score
1,H5,1008,0.8,0.9911693334579468,bias_score
1,H5,1008,1.0,0.9895134568214417,bias_score
1,H6,1008,T0,0.9889999628067017,bias
1,H6,1008,T1,0.9898489117622375,bias
1,H6,1008,T2,0.9877692461013794,bias
1,H5,1009,0,0.9911043047904968,bias_score
1,H5,1009,0.2,0.9926865100860596,bias_score
1,H5,1009,0.4,0.9921740889549255,bias_score
1,H5,1009,0.6,0.9932534098625183,bias_score
1,H5,1009,0.8,0.9938505291938782,bias_score
1,H5,1009,1.0,0.992359459400177,bias_score
1,H6,1009,T0,0.9911462664604187,bias
1,H6,1009,T1,0.992836594581604,bias
1,H6,1009,T2,0.9901240468025208,bias
1,H5,1010,0,0.9903149604797363,bias_score
1,H5,1010,0.2,0.9938175082206726,bias_score
1,H5,1010,0.4,0.9884886145591736,bias_score
1,H5,1010,0.6,0.992706835269928,bias_score
1,H5,1010,0.8,0.9905516505241394,bias_score
1,H5,1010,1.0,0.9887974262237549,bias_score
1,H6,1010,T0,0.9921921491622925,bias
1,H6,1010,T1,0.9917586445808411,bias
1,H6,1010,T2,0.9924650192260742,bias
1,H5,1011,0,0.9897035360336304,bias_score
1,H5,1011,0.2,0.9917559027671814,bias_score
1,H5,1011,0.4,0.9897050857543945,bias_score
1,H5,1011,0.6,0.9900313019752502,bias_score
1,H5,1011,0.8,0.9920362234115601,bias_score
1,H5,1011,1.0,0.9884845018386841,bias_score
1,H6,1011,T0,0.9918149709701538,bias
1,H6,1011,T1,0.9895509481430054,bias
1,H6,1011,T2,0.9893189668655396,bias
1,H5,1012,0,0.9886440634727478,bias_score
1,H5,1012,0.2,0.9886929988861084,bias_score
1,H5,1012,0.4,0.9889615178108215,bias_score
1,H5,1012,0.6,0.9876511693000793,bias_score
1,H5,1012,0.8,0.9893936514854431,bias_score
1,H5,1012,1.0,0.9867936372756958,bias_score
1,H6,1012,T0,0.9876207113265991,bias
1,H6,1012,T1,0.9873558878898621,bias
1,H6,1012,T2,0.988469123840332,bias
1,H5,1013,0,0.991332471370697,bias_score
1,H5,1013,0.2,0.9895382523536682,bias_score
1,H5,1013,0.4,0.9906488656997681,bias_score
1,H5,1013,0.6,0.9914664030075073,bias_score
1,H5,1013,0.8,0.9898760318756104,bias_score
1,H5,1013,1.0,0.9908183813095093,bias_score
1,H6,1013,T0,0.9901103973388672,bias
1,H6,1013,T1,0.9914835691452026,bias
1,H6,1013,T2,0.9914190173149109,bias
1,H5,1014,0,0.9891762733459473,bias_score
1,H5,1014,0.2,0.9900448322296143,bias_score
1,H5,1014,0.4,0.9929144978523254,bias_score
1,H5,1014,0.6,0.9913699626922607,bias_score
1,H5,1014,0.8,0.9922340512275696,bias_score
1,H5,1014,1.0,0.9908773303031921,bias_score
1,H6,1014,T0,0.9897383451461792,bias
1,H6,1014,T1,0.9895545840263367,bias
1,H6,1014,T2,0.9891648292541504,bias
1,H5,1015,0,0.9904882907867432,bias_score
1,H5,1015,0.2,0.9925868511199951,bias_score
1,H5,1015,0.4,0.9881150722503662,bias_score
1,H5,1015,0.6,0.9903432130813599,bias_score
1,H5,1015,0.8,0.9909988641738892,bias_score
1,H5,1015,1.0,0.9877485632896423,bias_score
1,H6,1015,T0,0.9923236966133118,bias
1,H6,1015,T1,0.9922563433647156,bias
1,H6,1015,T2,0.9893425107002258,bias
1,H5,1016,0,0.9944911599159241,bias_score
1,H5,1016,0.2,0.9934342503547668,bias_score
1,H5,1016,0.4,0.9943129420280457,bias_score
1,H5,1016,0.6,0.9938333630561829,bias_score
1,H5,1016,0.8,0.9936836361885071,bias_score
1,H5,1016,1.0,0.9911054372787476,bias_score
1,H6,1016,T0,0.9941846132278442,bias
1,H6,1016,T1,0.9923478960990906,bias
1,H6,1016,T2,0.9929627180099487,bias
1,H5,1017,0,0.9845749139785767,bias_score
1,H5,1017,0.2,0.9855335354804993,bias_score
1,H5,1017,0.4,0.9875285029411316,bias_score
1,H5,1017,0.6,0.9863749742507935,bias_score
1,H5,1017,0.8,0.9828149676322937,bias_score
1,H5,1017,1.0,0.9855627417564392,bias_score
1,H6,1017,T0,0.9877751469612122,bias
1,H6,1017,T1,0.9838512539863586,bias
1,H6,1017,T2,0.9870380163192749,bias
1,H5,1018,0,0.9901298880577087,bias_score
1,H5,1018,0.2,0.9913601279258728,bias_score
1,H5,1018,0.4,0.9883334040641785,bias_score
1,H5,1018,0.6,0.9910475611686707,bias_score
1,H5,1018,0.8,0.9926477074623108,bias_score
1,H5,1018,1.0,0.9907957315444946,bias_score
1,H6,1018,T0,0.9912320375442505,bias
1,H6,1018,T1,0.9914396405220032,bias
1,H6,1018,T2,0.9902192950248718,bias
1,H5,1019,0,0.9888831377029419,bias_score
1,H5,1019,0.2,0.991050660610199,bias_score
1,H5,1019,0.4,0.9916338324546814,bias_score
1,H5,1019,0.6,0.988629162311554,bias_score
1,H5,1019,0.8,0.9884279370307922,bias_score
1,H5,1019,1.0,0.9885525107383728,bias_score
1,H6,1019,T0,0.9907471537590027,bias
1,H6,1019,T1,0.9873322248458862,bias
1,H6,1019,T2,0.9905350804328918,bias
1,H5,1020,0,0.9936472177505493,bias_score
1,H5,1020,0.2,0.994321882724762,bias_score
1,H5,1020,0.4,0.9937015175819397,bias_score
1,H5,1020,0.6,0.9936718940734863,bias_score
1,H5,1020,0.8,0.9902754426002502,bias_score
1,H5,1020,1.0,0.9937081336975098,bias_score
1,H6,1020,T0,0.9940797090530396,bias
1,H6,1020,T1,0.9927078485488892,bias
1,H6,1020,T2,0.9945051074028015,bias
1,H5,1021,0,0.9931565523147583,bias_score
1,H5,1021,0.2,0.9948193430900574,bias_score
1,H5,1021,0.4,0.9893976449966431,bias_score
1,H5,1021,0.6,0.9945701360702515,bias_score
1,H5,1021,0.8,0.9919409155845642,bias_score
1,H5,1021,1.0,0.9939324259757996,bias_score
1,H6,1021,T0,0.9920163154602051,bias
1,H6,1021,T1,0.992895781993866,bias
1,H6,1021,T2,0.9910066723823547,bias
1,H5,1022,0,0.9844124913215637,bias_score
1,H5,1022,0.2,0.9827490448951721,bias_score
1,H5,1022,0.4,0.985241174697876,bias_score
1,H5,1022,0.6,0.9813968539237976,bias_score
1,H5,1022,0.8,0.9836295247077942,bias_score
1,H5,1022,1.0,0.9824631810188293,bias_score
1,H6,1022,T0,0.9856918454170227,bias
1,H6,1022,T1,0.9829772114753723,bias
1,H6,1022,T2,0.9849356412887573,bias
1,H5,1023,0,0.9909703135490417,bias_score
1,H5,1023,0.2,0.9923102855682373,bias_score
1,H5,1023,0.4,0.9890661835670471,bias_score
1,H5,1023,0.6,0.992509663105011,bias_score
1,H5,1023,0.8,0.9919766783714294,bias_score
1,H5,1023,1.0,0.9931793212890625,bias_score
1,H6,1023,T0,0.9901272654533386,bias
1,H6,1023,T1,0.9922915697097778,bias
1,H6,1023,T2,0.9908269047737122,bias
1,H5,1024,0,0.9896485209465027,bias_score
1,H5,1024,0.2,0.9916630983352661,bias_score
1,H5,1024,0.4,0.992301344871521,bias_score
1,H5,1024,0.6,0.9911096096038818,bias_score
1,H5,1024,0.8,0.9885237216949463,bias_score
1,H5,1024,1.0,0.9891095757484436,bias_score
1,H6,1024,T0,0.9905675053596497,bias
1,H6,1024,T1,0.9908496141433716,bias
1,H6,1024,T2,0.9903919100761414,bias
1,H5,1025,0,0.993523359298706,bias_score
1,H5,1025,0.2,0.9914563894271851,bias_score
1,H5,1025,0.4,0.9928698539733887,bias_score
1,H5,1025,0.6,0.9912564754486084,bias_score
1,H5,1025,0.8,0.992561399936676,bias_score
1,H5,1025,1.0,0.9892210364341736,bias_score
1,H6,1025,T0,0.9915612936019897,bias
1,H6,1025,T1,0.9897144436836243,bias
1,H6,1025,T2,0.9919577836990356,bias
1,H5,1026,0,0.9877219796180725,bias_score
1,H5,1026,0.2,0.9910336136817932,bias_score
1,H5,1026,0.4,0.9880284070968628,bias_score
1,H5,1026,0.6,0.9895874261856079,bias_score
1,H5,1026,0.8,0.9875091314315796,bias_score
1,H5,1026,1.0,0.9891928434371948,bias_score
1,H6,1026,T0,0.9883373379707336,bias
1,H6,1026,T1,0.98902428150177,bias
1,H6,1026,T2,0.9888728857040405,bias
1,H5,1027,0,0.9877967834472656,bias_score
1,H5,1027,0.2,0.9907819628715515,bias_score
1,H5,1027,0.4,0.9892290234565735,bias_score
1,H5,1027,0.6,0.9876953959465027,bias_score
1,H5,1027,0.8,0.9898329377174377,bias_score
1,H5,1027,1.0,0.9863864779472351,bias_score
1,H6,1027,T0,0.987309455871582,bias
1,H6,1027,T1,0.9902722239494324,bias
1,H6,1027,T2,0.9912120699882507,bias
1,H5,1028,0,0.9864255785942078,bias_score
1,H5,1028,0.2,0.9884558320045471,bias_score
1,H5,1028,0.4,0.9888653755187988,bias_score
1,H5,1028,0.6,0.9879305362701416,bias_score
1,H5,1028,0.8,0.9905830025672913,bias_score
1,H5,1028,1.0,0.9896507263183594,bias_score
1,H6,1028,T0,0.988364040851593,bias
1,H6,1028,T1,0.9891249537467957,bias
1,H6,1028,T2,0.9864805936813354,bias
1,H5,1029,0,0.9911469221115112,bias_score
1,H5,1029,0.2,0.987609326839447,bias_score
1,H5,1029,0.4,0.991564154624939,bias_score
1,H5,1029,0.6,0.9914270639419556,bias_score
1,H5,1029,0.8,0.9903494715690613,bias_score
1,H5,1029,1.0,0.9884936809539795,bias_score
1,H6,1029,T0,0.9908757209777832,bias
1,H6,1029,T1,0.9906527400016785,bias
1,H6,1029,T2,0.9895274043083191,bias
1,H5,1030,0,0.9919998645782471,bias_score
1,H5,1030,0.2,0.9915741682052612,bias_score
1,H5,1030,0.4,0.9947197437286377,bias_score
1,H5,1030,0.6,0.9927213191986084,bias_score
1,H5,1030,0.8,0.9915609955787659,bias_score
1,H5,1030,1.0,0.9948877692222595,bias_score
1,H6,1030,T0,0.9932829141616821,bias
1,H6,1030,T1,0.9928248524665833,bias
1,H6,1030,T2,0.9934698939323425,bias
1,H5,1031,0,0.9846170544624329,bias_score
1,H5,1031,0.2,0.9872523546218872,bias_score
1,H5,1031,0.4,0.9871179461479187,bias_score
1,H5,1031,0.6,0.9864798188209534,bias_score
1,H5,1031,0.8,0.9871518611907959,bias_score
1,H5,1031,1.0,0.9840717315673828,bias_score
1,H6,1031,T0,0.9855289459228516,bias
1,H6,1031,T1,0.9891637563705444,bias
1,H6,1031,T2,0.9865162968635559,bias
1,H5,1032,0,0.9853146076202393,bias_score
1,H5,1032,0.2,0.9798553586006165,bias_score
1,H5,1032,0.4,0.9809600710868835,bias_score
1,H5,1032,0.6,0.9846187829971313,bias_score
1,H5,1032,0.8,0.9842236042022705,bias_score
1,H5,1032,1.0,0.9838210344314575,bias_score
1,H6,1032,T0,0.9852871894836426,bias
1,H6,1032,T1,0.9832441210746765,bias
1,H6,1032,T2,0.9835816621780396,bias
1,H5,1033,0,0.9954103231430054,bias_score
1,H5,1033,0.2,0.9933795928955078,bias_score
1,H5,1033,0.4,0.9959575533866882,bias_score
1,H5,1033,0.6,0.9954687356948853,bias_score
1,H5,1033,0.8,0.9955855011940002,bias_score
1,H5,1033,1.0,0.9951419234275818,bias_score
1,H6,1033,T0,0.9952923059463501,bias
1,H6,1033,T1,0.9949873685836792,bias
1,H6,1033,T2,0.9959375262260437,bias
1,H5,1034,0,0.9910361766815186,bias_score
1,H5,1034,0.2,0.9890157580375671,bias_score
1,H5,1034,0.4,0.9899459481239319,bias_score
1,H5,1034,0.6,0.9921520948410034,bias_score
1,H5,1034,0.8,0.9909936785697937,bias_score
1,H5,1034,1.0,0.9912644624710083,bias_score
1,H6,1034,T0,0.989403247833252,bias
1,H6,1034,T1,0.9913886189460754,bias
1,H6,1034,T2,0.9909647107124329,bias
1,H5,1035,0,0.9918179512023926,bias_score
1,H5,1035,0.2,0.9889918565750122,bias_score
1,H5,1035,0.4,0.9869627356529236,bias_score
1,H5,1035,0.6,0.9904392957687378,bias_score
1,H5,1035,0.8,0.9894075989723206,bias_score
1,H5,1035,1.0,0.9895422458648682,bias_score
1,H6,1035,T0,0.98915034532547,bias
1,H6,1035,T1,0.987554669380188,bias
1,H6,1035,T2,0.990174412727356,bias
1,H5,1036,0,0.992839515209198,bias_score
1,H5,1036,0.2,0.9931227564811707,bias_score
1,H5,1036,0.4,0.9919534921646118,bias_score
1,H5,1036,0.6,0.994378387928009,bias_score
1,H5,1036,0.8,0.9914582371711731,bias_score
1,H5,1036,1.0,0.9918069839477539,bias_score
1,H6,1036,T0,0.9926851987838745,bias
1,H6,1036,T1,0.9943168759346008,bias
1,H6,1036,T2,0.9915155172348022,bias
1,H5,1037,0,0.9915584921836853,bias_score
1,H5,1037,0.2,0.9936298727989197,bias_score
1,H5,1037,0.4,0.9909582734107971,bias_score
1,H5,1037,0.6,0.9912960529327393,bias_score
1,H5,1037,0.8,0.9911047220230103,bias_score
1,H5,1037,1.0,0.9911472201347351,bias_score
1,H6,1037,T0,0.9909542798995972,bias
1,H6,1037,T1,0.9904981851577759,bias
1,H6,1037,T2,0.9908486604690552,bias
1,H5,1038,0,0.9925994277000427,bias_score
1,H5,1038,0.2,0.9920748472213745,bias_score
1,H5,1038,0.4,0.9892802834510803,bias_score
1,H5,1038,0.6,0.9919213652610779,bias_score
1,H5,1038,0.8,0.9924967885017395,bias_score
1,H5,1038,1.0,0.9922537803649902,bias_score
1,H6,1038,T0,0.9928282499313354,bias
1,H6,1038,T1,0.9925645589828491,bias
1,H6,1038,T2,0.9888051152229309,bias
1,H5,1039,0,0.9888501763343811,bias_score
1,H5,1039,0.2,0.9893071055412292,bias_score
1,H5,1039,0.4,0.990406334400177,bias_score
1,H5,1039,0.6,0.9910832643508911,bias_score
1,H5,1039,0.8,0.9900904893875122,bias_score
1,H5,1039,1.0,0.993003249168396,bias_score
1,H6,1039,T0,0.9913444519042969,bias
1,H6,1039,T1,0.9911564588546753,bias
1,H6,1039,T2,0.9911717176437378,bias
1,H5,1040,0,0.9871596693992615,bias_score
1,H5,1040,0.2,0.9884667992591858,bias_score
1,H5,1040,0.4,0.9893001914024353,bias_score
1,H5,1040,0.6,0.9887203574180603,bias_score
1,H5,1040,0.8,0.9933875203132629,bias_score
1,H5,1040,1.0,0.9912107586860657,bias_score
1,H6,1040,T0,0.9914056658744812,bias
1,H6,1040,T1,0.9894819259643555,bias
1,H6,1040,T2,0.9889906644821167,bias
1,H5,1041,0,0.9867706894874573,bias_score
1,H5,1041,0.2,0.9875491857528687,bias_score
1,H5,1041,0.4,0.9893606305122375,bias_score
1,H5,1041,0.6,0.9865837693214417,bias_score
1,H5,1041,0.8,0.9880083203315735,bias_score
1,H5,1041,1.0,0.98687344789505,bias_score
1,H6,1041,T0,0.989193320274353,bias
1,H6,1041,T1,0.9859336018562317,bias
1,H6,1041,T2,0.9885305166244507,bias
1,H5,1042,0,0.9903265237808228,bias_score
1,H5,1042,0.2,0.9886301755905151,bias_score
1,H5,1042,0.4,0.9865466952323914,bias_score
1,H5,1042,0.6,0.9867775440216064,bias_score
1,H5,1042,0.8,0.9903300404548645,bias_score
1,H5,1042,1.0,0.9863810539245605,bias_score
1,H6,1042,T0,0.990559458732605,bias
1,H6,1042,T1,0.98982173204422,bias
1,H6,1042,T2,0.9899564981460571,bias
1,H5,1043,0,0.9874384999275208,bias_score
1,H5,1043,0.2,0.9864751100540161,bias_score
1,H5,1043,0.4,0.984413206577301,bias_score
1,H5,1043,0.6,0.988524854183197,bias_score
1,H5,1043,0.8,0.9895468354225159,bias_score
1,H5,1043,1.0,0.9912235736846924,bias_score
1,H6,1043,T0,0.9866825342178345,bias
1,H6,1043,T1,0.98907470703125,bias
1,H6,1043,T2,0.9881805181503296,bias
1,H5,1044,0,0.9866238832473755,bias_score
1,H5,1044,0.2,0.9879696369171143,bias_score
1,H5,1044,0.4,0.9916121363639832,bias_score
1,H5,1044,0.6,0.9910272359848022,bias_score
1,H5,1044,0.8,0.9889340400695801,bias_score
1,H5,1044,1.0,0.9921861290931702,bias_score
1,H6,1044,T0,0.9892154932022095,bias
1,H6,1044,T1,0.9911811947822571,bias
1,H6,1044,T2,0.9895176887512207,bias
1,H5,1045,0,0.9889113903045654,bias_score
1,H5,1045,0.2,0.9897680878639221,bias_score
1,H5,1045,0.4,0.9907083511352539,bias_score
1,H5,1045,0.6,0.9908967614173889,bias_score
1,H5,1045,0.8,0.9849916100502014,bias_score
1,H5,1045,1.0,0.986583948135376,bias_score
1,H6,1045,T0,0.9885948300361633,bias
1,H6,1045,T1,0.9888561964035034,bias
1,H6,1045,T2,0.9893571138381958,bias
1,H5,1046,0,0.9860697984695435,bias_score
1,H5,1046,0.2,0.9869759678840637,bias_score
1,H5,1046,0.4,0.989445686340332,bias_score
1,H5,1046,0.6,0.9868478178977966,bias_score
1,H5,1046,0.8,0.9867392182350159,bias_score
1,H5,1046,1.0,0.9871878623962402,bias_score
1,H6,1046,T0,0.9868465662002563,bias
1,H6,1046,T1,0.9872280359268188,bias
1,H6,1046,T2,0.9884430170059204,bias
1,H5,1047,0,0.9900496006011963,bias_score
1,H5,1047,0.2,0.9891078472137451,bias_score
1,H5,1047,0.4,0.9876821637153625,bias_score
1,H5,1047,0.6,0.9877943396568298,bias_score
1,H5,1047,0.8,0.9869562387466431,bias_score
1,H5,1047,1.0,0.9880018830299377,bias_score
1,H6,1047,T0,0.9875026941299438,bias
1,H6,1047,T1,0.9870582818984985,bias
1,H6,1047,T2,0.9888412356376648,bias
1,H5,1048,0,0.9937358498573303,bias_score
1,H5,1048,0.2,0.9936403036117554,bias_score
1,H5,1048,0.4,0.9904829859733582,bias_score
1,H5,1048,0.6,0.9908206462860107,bias_score
1,H5,1048,0.8,0.9954833984375,bias_score
1,H5,1048,1.0,0.9924318194389343,bias_score
1,H6,1048,T0,0.9946187138557434,bias
1,H6,1048,T1,0.994714617729187,bias
1,H6,1048,T2,0.9932751655578613,bias
1,H5,1049,0,0.9888087511062622,bias_score
1,H5,1049,0.2,0.9852026104927063,bias_score
1,H5,1049,0.4,0.9883219003677368,bias_score
1,H5,1049,0.6,0.9864857792854309,bias_score
1,H5,1049,0.8,0.985909104347229,bias_score
1,H5,1049,1.0,0.9820070862770081,bias_score
1,H6,1049,T0,0.9881947636604309,bias
1,H6,1049,T1,0.987221360206604,bias
1,H6,1049,T2,0.9878000020980835,bias
1,H5,1050,0,0.9905282258987427,bias_score
1,H5,1050,0.2,0.9905665516853333,bias_score
1,H5,1050,0.4,0.9935517311096191,bias_score
1,H5,1050,0.6,0.9917691349983215,bias_score
1,H5,1050,0.8,0.9937896132469177,bias_score
1,H5,1050,1.0,0.9907703399658203,bias_score
1,H6,1050,T0,0.9914501905441284,bias
1,H6,1050,T1,0.9914754033088684,bias
1,H6,1050,T2,0.9917086362838745,bias
1,H5,1051,0,0.9866142868995667,bias_score
1,H5,1051,0.2,0.9877948760986328,bias_score
1,H5,1051,0.4,0.9896044731140137,bias_score
1,H5,1051,0.6,0.9880308508872986,bias_score
1,H5,1051,0.8,0.9895663857460022,bias_score
1,H5,1051,1.0,0.9896674752235413,bias_score
1,H6,1051,T0,0.9875038266181946,bias
1,H6,1051,T1,0.9879348874092102,bias
1,H6,1051,T2,0.9859854578971863,bias
1,H5,1052,0,0.9915059804916382,bias_score
1,H5,1052,0.2,0.9920075535774231,bias_score
1,H5,1052,0.4,0.9903911352157593,bias_score
1,H5,1052,0.6,0.9908795356750488,bias_score
1,H5,1052,0.8,0.9884634017944336,bias_score
1,H5,1052,1.0,0.9887303113937378,bias_score
1,H6,1052,T0,0.9907919764518738,bias
1,H6,1052,T1,0.9882005453109741,bias
1,H6,1052,T2,0.9904345273971558,bias
1,H5,1053,0,0.9897854328155518,bias_score
1,H5,1053,0.2,0.9918736219406128,bias_score
1,H5,1053,0.4,0.992392897605896,bias_score
1,H5,1053,0.6,0.9896532297134399,bias_score
1,H5,1053,0.8,0.9900993704795837,bias_score
1,H5,1053,1.0,0.9898629188537598,bias_score
1,H6,1053,T0,0.9915334582328796,bias
1,H6,1053,T1,0.9905204772949219,bias
1,H6,1053,T2,0.992625892162323,bias
1,H5,1054,0,0.9914560317993164,bias_score
1,H5,1054,0.2,0.9914726614952087,bias_score
1,H5,1054,0.4,0.9908326864242554,bias_score
1,H5,1054,0.6,0.9910560250282288,bias_score
1,H5,1054,0.8,0.9896803498268127,bias_score
1,H5,1054,1.0,0.9900296330451965,bias_score
1,H6,1054,T0,0.991340160369873,bias
1,H6,1054,T1,0.9907320141792297,bias
1,H6,1054,T2,0.9898460507392883,bias
1,H5,1055,0,0.9906460046768188,bias_score
1,H5,1055,0.2,0.9923120141029358,bias_score
1,H5,1055,0.4,0.9913058280944824,bias_score
1,H5,1055,0.6,0.9888854026794434,bias_score
1,H5,1055,0.8,0.9906124472618103,bias_score
1,H5,1055,1.0,0.9896059632301331,bias_score
1,H6,1055,T0,0.9926668405532837,bias
1,H6,1055,T1,0.988482654094696,bias
1,H6,1055,T2,0.9927973747253418,bias
1,H5,1056,0,0.9892913699150085,bias_score
1,H5,1056,0.2,0.9859773516654968,bias_score
1,H5,1056,0.4,0.9882610440254211,bias_score
1,H5,1056,0.6,0.9882625937461853,bias_score
1,H5,1056,0.8,0.9872555136680603,bias_score
1,H5,1056,1.0,0.9883970618247986,bias_score
1,H6,1056,T0,0.9872603416442871,bias
1,H6,1056,T1,0.9863157272338867,bias
1,H6,1056,T2,0.9870713949203491,bias
1,H5,1057,0,0.9948742389678955,bias_score
1,H5,1057,0.2,0.9939104318618774,bias_score
1,H5,1057,0.4,0.9951614141464233,bias_score
1,H5,1057,0.6,0.9945525527000427,bias_score
1,H5,1057,0.8,0.9921875,bias_score
1,H5,1057,1.0,0.9930742383003235,bias_score
1,H6,1057,T0,0.9944955706596375,bias
1,H6,1057,T1,0.9932560920715332,bias
1,H6,1057,T2,0.99421226978302,bias
1,H5,1058,0,0.9925691485404968,bias_score
1,H5,1058,0.2,0.99346923828125,bias_score
1,H5,1058,0.4,0.9950588345527649,bias_score
1,H5,1058,0.6,0.9949562549591064,bias_score
1,H5,1058,0.8,0.99468594789505,bias_score
1,H5,1058,1.0,0.9939530491828918,bias_score
1,H6,1058,T0,0.9943991899490356,bias
1,H6,1058,T1,0.9948689341545105,bias
1,H6,1058,T2,0.9933750033378601,bias
1,H5,1059,0,0.9911413788795471,bias_score
1,H5,1059,0.2,0.9910103678703308,bias_score
1,H5,1059,0.4,0.991508960723877,bias_score
1,H5,1059,0.6,0.9920087456703186,bias_score
1,H5,1059,0.8,0.9877780675888062,bias_score
1,H5,1059,1.0,0.9890155792236328,bias_score
1,H6,1059,T0,0.9915221929550171,bias
1,H6,1059,T1,0.9895603060722351,bias
1,H6,1059,T2,0.9908393621444702,bias
